POLYGON,HOUR,MAPE,RMSE,RSQUARED
2,24,36.97222011293719,1393.5893887838738,0.48077480203664047
2,12,25.601374107420877,1644.5410225980784,-0.2110208042696371
2,8,22.8110445590762,1055.1517981317938,0.2270658012037038
2,4,31.624917265617388,1219.924738874108,0.002769334185575678
2,2,43.290716810535244,1463.4698761422637,-2.455782462203626
2,1,49.92732503936129,1260.0413759396038,-3.4761682981868693
