POLYGON,HOUR,MAPE,RMSE,RSQUARED
2,24,1069.5977191000748,4342.806650188241,-2.3279850015345405
2,12,2043.9341206486265,3950.891983039733,-2.2131515503265424
2,8,3010.448572183011,4303.893274331851,-9.916254580238169
2,4,1866.6338467904288,2917.062067840587,-5.0165477434332395
2,2,96.9575490077623,1896.8424820968012,-23.284440658970848
2,1,85.00202094371684,1750.7947759322024,-21.980079093449742
