POLYGON,HOUR,MAPE,RMSE,RSQUARED
2,24,1576.612786762164,19623.748055155425,-7.517666137386007
2,12,2440.876157247506,32076.43031493928,-25.413186363695537
2,8,2165.826886242263,30925.232327874008,-20.846844406246884
2,4,211.3740284874816,13957.270343600843,-16.167036817266755
2,2,88.37173199323021,6545.125792112117,-24.46896398705998
2,1,62.339893643179245,4173.182207220538,-61.57817742786186
