POLYGON,HOUR,MAPE,RMSE,RSQUARED
2,24,85.57786282543267,4685.804653010679,-0.9516689409190706
2,12,94.15099352358324,5574.069708687205,-1.3892181131528307
2,8,86.13300432953531,5526.088846606177,-1.3971795729699097
2,4,101.30677168129732,2137.9612866738107,-0.2149691536974987
2,2,150.61364123046334,448.96200699486167,-2.9841331735539582
2,1,274.40532139278105,819.3289800864023,-21.641215339175194
