pol,pol_name,pol_type,smape_AR,smape_AutoARIMA,smape_fbprophet
6,Roskilde Festival (Inner area),main,156.87208733849724,185.7418243067822,71.02493618238296
49,Orange - Area,stage,178.45223766774376,104.33437307988449,92.47212180281426
18,Rising - Stage,stage,157.57104948684886,91.35304995601324,90.22977487313365
5,Camping C,camping,87.37860264169625,31.806077177329872,46.70966489862919
25,Camping E,camping,87.78878441620131,42.73193085680713,57.62091365357244
11,Trade Zone,food,180.4209026059276,135.66915986741404,77.89972685338303
16,Bridge (East/West),bridge,166.37489765383836,44.81523140971462,80.89291676912707
10,Street City,food,153.0172889441203,31.970904958810987,51.56786770909729
